CEU,GTF
OHP,EXY
CZJ,FJI
CTW,ACC
NBB,NBT
BZO,JXQ
DAR,HOK
GGN,EUX
JNY,AJN
DAS,NGC
LZS,GUV
OST,KTO
JMD,HVI
KAJ,EQP
BBB,KHB
KXO,CAS
KII,MIK
MOK,LDD
EOM,MKX
GAG,NDG
FVD,HYL
GYT,ONL
EZD,NAH
KXE,HDH
JEE,BRR
MUX,BMF
BHN,NLW
EMJ,KTH
CEY,DKF
DTC,EIE
DZD,LMX
ORQ,LOJ
BHP,FDG
IOM,GUS
ELS,NOE
NCA,GCM
BPB,JGK
CQE,LPN
BNM,MAY
OAB,GWD
MZH,DUM
ONK,CJP
LAM,GGH
CEC,LLV
JKM,CJJ
GEA,ABU
GNR,AYD
BPN,MJC
END,DRO
AVD,AXF
EBA,LYG
NNH,MTK
NQD,LWS
CVL,EAC
KMW,HXO
JDP,EEH
OCY,ATC
BIW,HZK
KXQ,HRY
HJL,MQJ
GSA,EDW
JAH,MMG
GQE,IBM
KJO,HLI
GDL,HTG
HCN,NGU
FLF,CPC
MAI,LPI
AED,HRN
LFY,IJV
GQA,JXM
MUR,GTU
MJJ,BRQ
OGE,ATJ
GMG,NKJ
HQG,CQB
NYU,JRE
OKM,HKF
EGY,AMR
KXH,BNK
CWT,KVA
DXU,DEK
GRW,KQS
MYV,ECO
DVQ,IFS
GEI,KZA
JCC,ORK
OGV,JGP
ASB,CDH
MYD,CIZ
DJR,EYY
GQM,JCL
GVO,MMN
JOZ,LQF
EXN,HWY
OKJ,NOG
LPU,MTA
CBN,JTT
MTM,HII
DGX,CZM
KXZ,HXM
DRJ,DDH
JMW,KSP
HNT,JFJ
OGQ,ACV
FEZ,LPC
MBH,HJO
MFP,HGZ
CPS,FBB
NKF,KNO
FIG,HFN
FXS,NCD
ABE,LLY
MNE,FGF
CHW,HQJ
FTL,KQL
CFJ,KXL
GIA,FVA
CTQ,LRH
GUJ,JWA
EJV,MNG
IAN,IBK
ITY,KVM
OGT,OTA
CLE,GOH
GIO,BHM
ILP,AAP
EHL,BPT
NZJ,OOL
BKQ,FYM
DDX,OBS
BOZ,CQF
LTU,IHJ
BVT,DOU
LMU,BUW
GFE,DHJ
KLD,GSH
CCS,OSF
IWD,GUG
CVN,BLQ
FJN,ANY
ILW,FKJ
DGN,FOB
ISP,JIX
JUX,FEM
KJU,ASK
AKB,FPZ
EMO,CQK
BAB,JZV
JTP,BUY
GII,FJP
BHD,AWX
EQA,KNW
GKA,OQE
KAL,KLX
BUE,ODE
JFL,EHY
HFV,JNB
BVE,CZW
MFZ,KMZ
OCW,LAZ
EQI,GOA
HHK,LDG
MEK,LIL
CUH,ASE
EPV,HMY
LSV,JAG
OKA,FZM
AQQ,DZQ
LEU,JKU
EUU,LNJ
JHD,MTB
FXR,CXL
JAJ,NGJ
EVG,CCN
LWG,FYU
DKY,LLS
LOF,FLG
FZG,OPM
BOW,HEJ
FOX,BLU
HIZ,LEP
MKD,GHS
AML,KZB
AZR,HDM
MRQ,MRR
IWW,LZY
NTU,BXB
CGI,BKU
ODV,OEL
DRF,ABR
KTS,MOM
DBW,BWN
KAV,BIG
CDY,JRD
HNK,BXM
AMU,LSZ
OLI,JAL
KTM,IHA
OTT,LZX
FOJ,NSR
LOM,OHU
FCY,JQI
LDQ,KRM
MRB,JAC
OIL,BBX
JUD,HBM
MLB,JHP
HBY,CJT
JXO,LAT
ACZ,GRM
HON,IKV
CYX,EWI
MED,FXG
MDV,NTX
OAH,OSQ
IFI,OAQ
IYO,NOZ
DRT,GIR
OJJ,HKT
EPA,HJN
GJV,DAG
KDB,LGB
CQY,BOS
KPB,NWJ
CDB,BTL
DPK,BSP
AAE,NYL
CMF,BHE
FBJ,GYB
KGS,FBS
FME,MDW
JCQ,HNE
GIS,ELN
HRB,JND
FYR,OQO
MBT,DUA
INZ,AZN
KQR,LAY
LMI,JOV
BEE,CEV
DUJ,LBP
AII,LDB
CFZ,EBC
DEX,MYG
GZT,ECE
AJF,MZJ
AKF,JCW
ILC,IOK
NOI,DIK
JGC,KOH
EFA,GRT
MOE,FLM
AQG,NUD
GCG,JEH
AGC,ONE
MPE,OFH
KHF,GJX
NZY,FKD
BRG,GGP
BSQ,AYV
BOM,FTR
MCO,NOP
DOY,MNA
JZQ,GYO
EFW,DGE
KZZ,IVN
EGZ,BLP
JFB,LJR
HZZ,EIQ
OUO,KPN
KIX,MSX
LYD,LRT
BUB,MOA
DYU,OMB
HJK,BPA
NQC,BHJ
KZE,GGZ
LHC,GJU
LTT,JTW
OHZ,DBJ
IYC,CPN
CDA,KSY
CTU,AUD
ATL,DBL
KBG,LHO
GWY,CQQ
LPE,DLK
DKA,IIO
IVK,OHQ
FNR,ADI
JCM,EUY
JBD,FVP
NRG,IJU
AJD,HRJ
EVP,NHJ
EIM,CRB
HIK,DHH
CGP,AVJ
INB,JYH
CHJ,GTZ
DUG,OLR
FXU,LWE
IIF,IIV
JXF,BWH
HJQ,OEB
KQI,CGW
MDA,JXU
FMT,GQU
MWF,KVL
FCS,JPQ
FPL,CIB
CSD,FPT
KLR,BIT
AFT,MTP
JZX,FRO
GCC,DEO
KUQ,BPU
GKM,DQL
LAE,EIS
DFL,DCK
FBF,NNU
LJI,ANO
NFX,MUK
NGF,DWH
FSV,JMU
JVW,KAH
APS,IPH
CKR,EXV
AWR,ASO
DVU,GPJ
BMP,NBN
EKU,JPD
CZS,DZK
GPZ,HTB
KVD,AXY
MPP,CEP
CGV,NJS
JAI,ALA
IIB,JCP
IXL,FOP
MRC,JDL
MXM,ARV
DQC,KTV
JHH,EJK
GHH,LHJ
JSH,LGN
LQV,HGJ
OIY,HKA
EEG,LVT
FHQ,AQE
JZZ,EGE
NZX,ONY
BYO,IRC
LRZ,NCI
OHE,LTG
GZH,JIS
MEJ,OUB
CUI,OLT
EOV,JNM
JDD,AZB
JZO,LRU
AMK,IEZ
HWG,HIV
FST,ADE
HVO,IAI
FPX,NVH
KCP,AZY
DLL,ESZ
FYS,JVN
LCE,LEJ
NKB,FJB
EZV,ERR
KBQ,LSI
JSY,GCY
BAE,DJV
OFW,ISV
AGW,NAG
DIE,FJL
ARD,AVQ
MQM,FZL
FQD,GYR
KIH,MTR
BGP,BVY
GSW,FFD
GXL,CNR
HIT,EOY
GBH,DJE
NCX,APN
IHB,IPS
KGH,GVM
DWZ,HFQ
KHP,AVA
CNP,FZB
KKX,HLB
AAS,NCR
AHP,BYV
AFZ,ESL
IID,HAW
NHY,DCN
ODC,CVW
CUE,FLS
ETC,ILQ
DEF,GFI
GEG,GFX
KEK,HPO
NHT,KWM
BBD,JXY
MPS,JRF
DSP,DUL
JYJ,IYW
DGR,AGP
HNM,OAS
IMY,HQO
COK,JIM
NHP,HGD
EAA,GXB
FKA,HJU
KPO,IJT
MHA,MHY
ORL,GGB
GSI,CTG
LJA,LKR
DPV,KKW
JVU,OPT
KEG,FAP
EGH,OSG
GBT,ENP
EVE,HBD
FUS,KZM
GNM,CTE
IGS,JEG
EMG,KZY
OIS,GKR
ENB,CAB
NFT,JFP
FJF,LCH
EIZ,FFB
OIM,MST
JDI,AMA
JVE,JLN
APD,MQN
OKW,JYC
DSQ,FYN
KLN,OFI
BSR,HPG
LBG,DBA
AGT,DWR
OJK,FLC
JJT,ATE
LEE,OGG
OLZ,HEM
ACO,NCN
GOP,MWQ
DFZ,HQV
FPG,DPW
MYH,BIC
OCO,JBO
IKO,LWR
LQW,NWS
FAA,ETS
FJO,LCM
BUX,EDZ
LUX,EZC
DSM,GAI
JHF,GXF
KDN,LLC
OPU,HQF
HYA,IQC
KCI,ENM
JCD,GDD
JHE,OHM
ICO,BFH
KLS,LPT
DOB,MZB
LGA,FQT
GAL,FUA
HLA,DVJ
IZA,DBN
ANI,NZZ
ILX,LLE
LRW,IOE
FIB,JTB
GMB,FNH
DBO,HYO
IMG,MLH
JLV,ITO
LRF,HIW
MSL,MZD
IRN,JYK
DRC,LTR
OLV,DJC
ATF,OQX
ETX,CHX
NED,HDT
AOA,MNI
HSB,BCW
HSK,LOI
KDO,CNB
LJM,GUY
MGW,NUT
GAK,JES
EHE,JXP
GMS,CIL
AKU,DWX
BBA,LZW
DMT,JOX
DZU,BOL
HHZ,HKK
NVP,KMA
FEA,LOP
LWP,EFP
CBX,DGF
IRZ,EOK
IFR,KPE
KIM,OBF
EED,GWF
GUZ,AMQ
IOW,KDU
KQM,IIN
JBY,KHQ
LEV,AVH
KEP,DBT
NLF,MCE
NEJ,NWV
OUA,LMG
IKN,CFH
EQS,JLL
HFE,OFE
NBM,IWJ
OAY,AUR
ACP,EZO
MFI,HAL
CWX,HCG
HGK,JLG
JVD,BFZ
LMC,NZV
MGE,IMJ
JYY,LAO
KCH,DQB
KUV,FLR
IQJ,OMN
LYL,CWL
OPL,DOX
CWY,HIX
MDG,JRK
AVB,CVI
HVP,IHE
BSU,IAR
LQZ,HOM
KMJ,FHC
KOP,MOL
HUR,FCE
IWM,HOE
AXV,GJS
DFJ,AJY
AZL,OUC
CXM,JNA
LQH,GGT
CXY,IZL
HOV,EWJ
ETW,HEX
KGE,OJN
HGL,JWH
NRP,BXN
FJZ,FZR
JVO,DJT
HLN,CBP
LIA,GBB
FNE,LGU
GAR,OCU
LRD,LKW
KNY,LXJ
IYA,FWY
ABW,ALF
LIH,JGG
GKP,COE
NFG,AFG
IVO,NMN
MVL,NSL
BTD,LAP
FIE,OAP
CTH,JOD
AZG,LGD
ELT,ANZ
BNE,FAS
GJN,KCZ
OGU,FCJ
MQE,HOW
NVQ,GZL
ANW,CTT
CKQ,AFN
JIY,GWP
LJB,IGO
ISN,NNW
NFV,MSM
CAW,IVA
JML,IFG
GIX,DVY
JQT,BGG
FUE,NAR
HET,AGN
AWS,ERO
EGK,NTM
AOS,BUD
OTC,CHF
DAY,CSY
JBL,GVE
CZQ,IDJ
NJB,HLL
LLT,NOM
OGL,CZD
DKT,DIT
NCZ,FPJ
AHF,BDT
FEK,KML
FAK,EGO
JVX,HAE
EHT,HJW
ISY,LLW
AFP,CTX
CRT,NJV
HPC,BVB
CMI,BAI
DZR,DKX
ADH,LCZ
ARR,JZB
HMX,OUP
NRK,GYF
ECR,CLO
IGW,KZP
MMY,LNS
OGD,HOR
EAV,BOP
HCO,GQW
ERD,NRV
MXS,NXL
COF,HHP
FBY,GVF
NPQ,LHM
CVF,FDX
DXI,IUZ
BGD,EFL
BRB,IXE
KTF,BKH
HOC,CQL
JMB,NZL
JAK,CKC
ERA,HWP
IBI,MHI
KJF,FEB
OQZ,NRC
FMO,FOY
HNP,DKV
JOE,KNS
HFP,CAA
AAK,IOJ
IDO,HQT
IYY,CRQ
DPB,CRX
HCI,JSJ
HMA,GFR
ICW,DGK
DGV,BYZ
AFC,IJK
FRH,DDA
BBJ,ATX
HWK,BBM
EYA,ODF
NEF,DWQ
GXM,LWK
NPV,LCW
DNN,NTV
ILM,FNO
HAI,AWJ
MZC,MEM
EMW,JXL
BDJ,OSU
IAB,DKW
LQA,KRF
IUN,OHG
MRM,BTR
LZR,GOB
MQL,LMK
FNB,CAV
KGC,ENW
EFK,NVF
ERS,FMQ
GCV,ETJ
NMF,EUA
EHA,MXQ
KOM,DTK
GHX,CPL
LWQ,BVL
LNL,KHI
CCM,BYP
GYD,NCU
HYM,EJH
AWC,DIR
ISQ,FQO
IGI,MYC
LBZ,NNL
APY,LIW
GVA,AKX
HPL,NJH
IEU,NAU
JHM,AIU
GXH,HPP
LBE,GVH
JYO,GWJ
FXM,FAH
KPV,ABN
JTX,MUH
KMG,CWJ
KZV,EFX
AWF,ECB
LBT,HRP
IZX,FFL
OTG,KKT
BAZ,EKJ
KWP,AOD
DAO,LBA
DCJ,CHA
FEV,HRH
OFF,JMG
KUD,LAH
NBK,AMX
FZN,AXN
CAR,IDX
BGF,GUE
KTY,NUC
HXK,HKH
NLP,JEM
GRP,BAJ
NWW,FYY
AUZ,CKS
OUK,BGT
ANU,MVH
FYW,IRJ
ITJ,ORC
ITK,FXH
IBW,GSC
JPV,NJP
CUF,EIF
NFK,IFO
FFZ,DTH
KCN,CBE
IJS,KVI
NFB,EKI
CZO,HDC
DWL,ESO
CQU,IPG
LCD,JGL
NWB,AFR
NBV,FEF
ANQ,FVT
HGI,CKN
HTW,HYD
JWG,NMT
AUX,BLL
OKQ,HRR
BDQ,GGS
MOQ,DVS
MOJ,JEP
MYA,JQY
OUH,FCK
DNT,CLV
MQK,EGQ
LUW,ETO
CXI,CMD
ITM,KIG
LMJ,JLX
KFO,CHV
OQH,FAV
ILF,OOK
CYP,EZJ
BNT,JII
KTK,EWW
JAF,JLZ
DNM,FLW
NJN,FVW
DOE,MRU
AJT,ACI
OEH,NXI
GWC,ANN
IPQ,GHO
IAA,MIN
JUZ,NAO
NRY,GVS
JUW,CID
KWE,BIF
BWA,LVG
HUU,BVO
FHG,GCB
JDQ,BDE
BDR,BMA
DPZ,LXD
JNP,NRJ
KYB,LWN
MMP,JBF
INI,BYW
CCL,JWC
DGD,DRX
CIW,ABY
NYT,MER
GVQ,FRY
HSZ,FFO
MXK,LWZ
BAT,GGA
JOB,JYS
GEQ,GNB
OEE,HOI
AJK,HPI
HTL,NVV
CRF,OJL
LHL,LCY
GET,DQS
KZK,OPP
BXR,ORB
KQT,DKK
FKE,CFO
NLJ,DCA
NUA,ARL
KAW,OPB
NWD,MGK
DEP,NCG
IFE,MNF
BOR,IHL
BGX,GFB
OHK,BIA
BWK,DJY
EVR,HDY
DIS,JBU
OKB,OPZ
ACT,GSY
OAL,CIN
BSV,MMA
KMK,GBP
MCN,BWM
DOQ,AVV
FQP,BSG
AWL,CCT
MYY,IRQ
AAN,DWK
OFM,HMJ
ICR,NMR
JZL,NJT
DJK,OHR
LRL,CMG
CKY,OAT
LHV,AZX
HDX,BRJ
HNY,NQK
BVW,BCO
DAJ,OTZ
BQL,GCL
EGG,IJM
KDL,OSP
LDN,OCH
OES,HLG
FSR,LJY
OMY,IGR
JRX,DLF
FVC,CIV
GKZ,DFQ
CNX,CFS
LLF,EUQ
EOP,LTP
MBA,COX
GRO,KJY
GVG,NAV
APF,IOV
BAY,ABI
CEO,JOW
GKK,MMZ
BWX,CLC
EPG,MCZ
NDX,AEI
CBL,HSY
FTG,IKZ
BLT,MVB
MKP,CBY
MVA,EXL
KTB,NXW
JFE,LZZ
KKB,DLC
KWD,NSM
EGR,LNV
NDB,IZP
AAQ,FVZ
KPF,FBR
DPI,LHZ
IVL,EVM
LHA,GWL
LMA,BZR
NIH,AWA
BND,AQZ
BWL,OLJ
BVK,KUI
KOC,JWB
KUG,GBX
BID,EVJ
GTD,CXT
IAV,LDK
HCY,CSF
HVD,MUT
EUV,OAK
KTZ,EOQ
EIB,KWU
JWO,FTP
FUZ,IYG
CGN,IVI
HTV,AUL
BKI,JGS
KMX,LNX
GDW,GKU
BXL,IKS
IVT,LSH
FAL,LWX
ISO,JEO
HFH,KPP
MWP,GQF
HZY,LCK
MIS,AUP
IXJ,CVY
MWU,DSU
CGY,IOB
HIN,IJR
EHD,LVR
HZM,GYU
NVA,KJN
FBG,KXC
HVY,NGX
BEL,OHO
GGJ,IGL
NHF,BMQ
NNE,DQI
LGM,FJR
LUM,FLE
AOX,JDB
DBZ,DEW
AWB,BTF
OTK,LBF
ESS,LDR
EXQ,ELE
DRE,ESQ
HKO,HEK
KNJ,KFP
HHH,OSA
MGJ,DCB
CUK,KHG
KOZ,JKV
BNQ,FOU
IUS,IIT
BKV,JJP
KPM,LGK
EHG,MND
FPQ,LIF
DHW,MVF
KPJ,NYP
MFU,FYB
MUM,MPB
BYJ,KZN
HAV,NCO
DRP,DLR
LAI,AES
ITW,NRF
NDF,LXR
OTY,HUL
EVV,BBP
MGP,OCI
CBI,NXZ
CFC,FZA
BRO,FYZ
BVS,ILB
AAB,GAX
JJB,NZD
LCG,NJK
GGE,EAP
AFX,IOX
EIP,EYM
COV,HLV
ITE,IPW
JXX,DXW
LMW,HBS
LXN,NSZ
ASJ,IHV
NSS,CYW
BRL,FJT
LVZ,AEZ
LZP,DIV
GND,HBV
JFH,EMZ
MTW,AEF
NDW,DSY
BMJ,NNF
JNZ,BLZ
OFJ,MBJ
AAX,CME
DKG,KRX
IQS,KOQ
ALB,HUM
NOR,AON
EHK,ICT
ENL,MOB
IDA,DRA
DOI,ALY
EPJ,NMX
ITN,AWV
BCQ,FDY
DUC,NMM
JNR,OPS
GLX,OJA
JBK,LKS
DPX,DLA
GQN,FVQ
ADQ,FZI
BBW,FWL
IFP,KKC
ECA,KGZ
KVU,JYX
DQZ,GUH
FNC,ERY
KPA,AAM
IWH,HCB
DBC,LNB
JCA,OEW
FIP,JPX
JFW,HMI
BSI,HCS
OMQ,CIR
EDF,KFC
FYL,FYO
KIZ,CJR
OOY,EQX
BTN,OJH
EAD,BSO
BYE,ICK
MYF,KHN
OIB,DCC
EAX,FIM
FDV,MKT
HDW,HZL
HSQ,DXH
NYC,AWY
IRT,JKK
EBR,EZS
IRX,LYZ
GNY,CFP
ESM,CMB
INX,EYS
III,EXX
EYO,CUG
LXB,FZZ
ATM,IDY
EZW,MZT
FFW,GUP
FYD,HBL
MSN,EDY
DQE,AOF
GZF,CHG
JOY,CXJ
JYF,KJH
CBH,CHQ
GTG,FRF
EBU,MDO
AJR,HJC
JRZ,OPG
JEU,FMN
BKD,EBE
HUY,CHE
INL,NNC
MBN,JEL
KKZ,JRV
NDP,FGU
KFJ,EAU
KBS,MXI
IQW,BAM
KGO,LBD
ASM,GSP
ECG,GDX
LCN,BRT
BNS,LCA
DFD,DBH
ABH,DHX
GSZ,CGF
KVX,GZI
JHY,JOH
BTU,LZF
ERQ,CMY
BVP,JIB
LSN,DTU
LIC,BMB
IRP,KIN
MLZ,LRO
LNZ,NTF
KDI,DGJ
GGU,HZX
NOX,JAW
HXJ,ACK
OHA,OJX
CPH,JYM
MPA,KRU
JGR,ECU
OCS,ADP
DTM,HWC
IOO,KSL
NAP,LXS
DJB,NON
LMZ,APT
KDY,HAR
OOV,LBB
BIJ,OPA
KSC,DTP
EKN,GZS
OIK,GWI
DQY,HSP
EHU,IHQ
AGF,KKS
DIW,LYA
DEJ,NEZ
BBZ,JHT
BAD,BPK
NTP,IPB
EUE,AUM
MHH,DDU
CNG,BOO
EOC,OJW
CWH,GBZ
HAK,MGT
NAX,IPP
HCH,FNL
BKC,ERZ
GER,ALM
IGQ,BDX
DOA,DHV
CJW,FEU
FWF,IKM
MIG,HNN
GQG,DRL
AZI,KUN
CCQ,DYB
DIB,JQD
EDI,LCJ
AIB,BJP
FFF,GKO
ANL,IDW
IAP,ELC
DMW,IRA
NWU,FDB
OOE,IGN
JHV,CCP
MAO,KQZ
AAF,LLN
GOU,ODM
KJB,EGV
KUS,CTN
KEE,EQY
DEC,EYK
JXN,CYR
CFU,FGK
LKE,JXH
GBA,EQR
KQX,NFW
CJB,GFM
IRU,MEX
IWG,HKJ
BCN,BHX
KHZ,JQV
CBO,HYV
ETU,DNI
GUQ,JMZ
MTJ,FEW
ETM,KMM
LJJ,CZP
MUU,MBC
LDA,GYM
LIZ,FBH
CSU,FVF
GYK,IMU
FUQ,KLA
IFM,KNH
EFT,JGU
KSB,FFR
DPP,IPF
JAO,AGO
JOR,DQO
GRL,NYG
KUZ,GVD
NCV,JBN
DBI,IHM
ITA,HFY
AGD,FMV
JUI,NXY
GAS,DDG
OSO,DXR
HZB,NRD
LKC,KCR
FWA,GWH
JQZ,ORE
FKN,FKQ
OMC,HEU
JWY,MTX
LDU,FXF
AZK,JJX
HVL,EET
BER,FSZ
DTJ,MRF
LAV,NWN
OKO,GDC
GOD,DQV
ECJ,KWR
KSD,LOT
DLV,NFE
DFB,INR
EMR,NWI
EAL,EZQ
KRN,MDZ
FYT,AJO
IMT,CZC
OHL,NOW
CXR,HML
GBR,DNP
AQT,ESY
MWC,LVS
HAQ,JMI
OCG,KQU
APP,FZF
CUP,LIN
AUV,DDE
JIQ,MHV
GHU,GBS
JCF,ICJ
OOW,AGE
IHS,IEL
LLP,MEU
FUR,ILE
MXZ,HID
OEO,ASG
CMH,NYD
ACS,GSU
DFS,MLR
BAL,MKH
DWC,AEA
AQV,DMF
LOL,NLD
GID,HSO
MSE,DTL
APO,FTI
EYI,ADB
BBU,LOK
CHB,ARO
KDW,FUY
MDR,MRG
BNX,AKK
OSZ,JZP
NPM,GRF
AWQ,LDZ
LHS,AHW
BCA,FXQ
CYZ,ESG
MGQ,KDD
HFD,KFH
BPL,JTF
AOP,HNF
GFS,LFB
EJO,EPK
OOT,ONH
CCC,NIW
NKZ,KGD
EDS,DMN
GPW,KIL
JQF,OIZ
DEY,AJA
EQO,DOJ
IHW,FQR
MMD,OJQ
OFB,MYB
GEB,EQK
NEO,AIM
EFC,LAK
LOB,MQR
AXM,IZZ
NMC,GQR
IEE,LGQ
OGI,KLY
HCP,EOX
NPA,LWV
LPK,FOG
LVD,HHB
IMM,CIX
JMK,LLQ
KLI,GLA
AMM,FJX
MSO,EDO
LYM,HQI
LYM,EIJ
FSS,HDI
JEK,OFD
ELW,AUB
EHQ,OPK
JBC,GJR
MAU,GYQ
DZE,JFQ
MRT,HJH
HOY,DRQ
CDQ,JVC
CSN,IFQ
OEZ,JQA
CCY,MMI
ARS,FQE
FOI,HTI
IWB,MYW
AZC,CVA
CHD,IVC
HGH,GZP
FCA,GBL
CXF,EAI
DOV,BHT
AWE,BVI
KFK,KFX
AKY,NSP
OCR,CJU
GOX,BXJ
OMI,NOQ
JRH,GEK
BZW,KLE
JRO,BKO
FIA,JPI
NGE,JLU
FGL,MNN
ALN,LEB
CAL,ILA
GFV,MCK
MSW,NQP
NWR,FTC
IAQ,KAO
ODP,KAY
LGP,JYR
AIP,HHI
BDS,IQG
EJT,OAF
KKN,KJM
EKO,ISL
LNK,LRQ
ELR,BZH
OAW,MDS
EMM,NYE
MEH,EPM
NNJ,JDM
NVJ,EKG
JBT,JUV
BGC,LUG
NHK,NAI
FCI,CZZ
OCV,KGN
HBP,LON
JAV,FIK
BEY,NSD
CPJ,HLX
AXD,MPX
MXB,MPT
FOO,FWI
MOT,NXH
FTQ,BYU
KWY,OGH
HNW,KTL
LWW,FLA
BLS,FHS
ICV,LVO
KDP,BGJ
GQC,IMX
MJM,MNZ
DCT,HED
HWS,HSW
DHM,EYN
LZV,LKQ
CGA,NZP
KBI,AOB
FVM,CYO
MLP,LCT
DQM,EKL
JYI,HKB
HVA,ITV
MQT,HXR
OJB,KRI
GWB,AKR
CBU,DLT
EWO,IKI
DIP,ATR
GWM,GOV
LSL,BKN
KPZ,DAP
ADF,OML
COP,HQR
KNV,AWD
MQX,MNW
CPE,ETI
DUV,FVV
DYV,EGX
ONG,IGF
CML,AVO
KDE,OHB
BUU,JGD
GWA,MLY
AAT,GWG
BII,AOC
FYG,HTH
EAJ,LUL
IVD,OJI
MVV,BCB
OHY,MPQ
DPS,MAH
OEN,BON
LXK,FUD
NMD,KIV
CAX,HQE
EYX,EMN
CYC,NCW
JJI,LYT
LEW,OTH
OUG,EBX
LSB,KGA
IOR,MTI
KXK,DLB
CVJ,KGW
HCW,IKY
OSE,IWS
AAI,EKB
NOB,CPU
HEO,IVG
DUK,JBG
HOB,ACH
AOV,NQF
LSE,FHD
CCB,DST
NBS,NLC
CSS,FLB
NNI,LLL
MFW,BTZ
EDP,GKS
MAE,BLR
AQJ,NVU
NGW,MEZ
BQE,NVT
KRD,AOE
ABC,JRP
DAM,JJZ
NWP,DAN
FUI,EBQ
NFR,IHN
NWT,JMR
JDR,GJG
LEF,KXV
NUV,CUY
OKK,EMX
EGB,EOH
JLW,KRA
FWD,HLF
BCV,LJW
MBE,BEI
BEG,GJI
JZK,NIQ
JEZ,HEB
LUZ,FYK
EAN,KIR
ORZ,BKG
FAB,FCQ
DZM,ESU
EMY,HZQ
JIW,KZH
MKB,BJF
INW,HKU
KBU,ENF
HSV,BGK
JYE,EYG
NOK,DGS
LPJ,KAK
BGL,KPC
AYK,CWR
KFI,MHU
JUA,JWR
MJU,GWN
NRE,IKE
NQO,GZO
ADZ,INC
FQU,CEN
LAJ,GRU
CTZ,JGI
BFA,BUJ
ONU,KJQ
BEC,CRM
HVQ,IIP
CTL,LKM
NWC,LEX
FVX,CPR
LDL,MWX
FAU,IWL
HZV,IUJ
OJD,DIZ
DAE,KTW
FCF,CEB
HYR,GWO
LFC,LDM
DOW,KDT
MSZ,FCB
AZF,KKA
JGM,CDD
MDQ,GHF
CKU,CBB
ATD,EXC
CNI,JLQ
GNI,GRY
OUM,CFF
JMX,IWY
KLQ,KIK
MCS,BXQ
IYE,MAZ
JJH,AIG
BVM,OCM
GVN,GGF
IKW,OIH
DCW,EVF
OKS,OPF
DVC,FFU
HIQ,ORS
IUI,NHW
LOD,GPH
AVU,IVJ
GMM,KBT
GLJ,GPE
KUO,HUB
GWS,KSE
LIQ,IZD
MJS,ALU
BRK,DVO
HWA,FKZ
MFK,KHH
OJM,MTZ
CIJ,HPJ
HJV,FLK
OKI,MZL
GCI,ESN
ELX,KMO
GCK,MVZ
ASR,KPT
CUR,FNX
KQD,MKW
JJN,CPM
CNT,HQA
EZG,CUQ
IXS,DPJ
LYI,NDL
BCY,CVC
ANA,FDA
MZG,FCX
HLM,KBD
OOF,EVW
JCO,IQR
FOZ,NUM
BIX,KAA
FQK,IBL
CHM,KTR
CNO,IIK
CUD,KLU
FGV,OKP
NSJ,LSF
OKZ,COH
FBQ,FII
JEF,NKW
BDF,FLB
LUB,ASP
COC,LMH
DRN,BIM
CXV,CEQ
HUT,JLM
BTX,FVB
CXU,ACF
BHI,NYM
JBQ,MLW
MKV,CQT
OAC,BLB
AOT,KVW
AYM,FKR
AGK,BZC
CMR,ASX
NLU,GNJ
LPG,BJV
IHI,ALX
AYX,OPO
JOO,JJQ
KIA,CJL
NXT,HHW
BZI,HQU
KQB,MVE
HMG,EEQ
LVW,AWO
HPT,OSH
DES,LBM
MWB,IHD
BGQ,BAG
OSN,IBC
ARW,IRL
KAS,OCA
FWQ,GUR
HMO,NUK
HFM,NZW
JMN,OHS
DOR,JKY
GOT,MFC
HXH,CKP
HEA,KQQ
LQQ,HFI
LIE,DHO
MYZ,OEI
AXA,BAC
NFY,GNT
ISG,EZK
DYZ,DIF
GIC,IPI
DWA,ARI
KUM,HLJ
BXD,GYJ
HUK,NPH
DUT,NNX
FTS,LSY
LSC,ARU
JDG,DDJ
HPR,AHI
FFH,ODH
FRC,KYD
AOR,JVK
JRG,MOW
HOJ,MCP
NFA,MIP
CKT,EIN
ITG,BQV
LLJ,IAG
KAF,IEP
KEY,IDM
CQR,NHX
LCV,NXU
AYE,NGS
KQA,MTS
CDJ,KIE
CSR,MOH
DTB,OFA
IDP,MRP
IVV,GJQ
JAA,KIJ
OBH,LHF
EPU,MHD
NUI,BXT
FJK,FYI
DJD,KMT
FIO,AJB
GYL,INE
MZK,APC
MPH,AND
FEI,DSV
GTB,OQL
NZM,NAS
HFC,AJM
DON,KBM
LWT,KBV
KKV,MLI
LUJ,MBL
EIR,NPJ
IFD,NVS
FVU,EAF
IEK,LWH
IKQ,CKI
HNX,JKH
HYQ,MSQ
GXC,DUZ
HIJ,GHW
OLD,CEF
AFA,AQA
EON,BQD
HWO,KBJ
JRA,IJD
DFV,IQP
LHG,EBM
HHJ,ASZ
ATO,NNG
MHJ,EZM
KBE,ENQ
KWG,MTE
BGE,CJQ
BEA,OUJ
DAK,AFU
HEE,LPW
DOC,MOS
MKQ,KND
CKE,BAN
CNC,EPY
CES,FXX
OEV,KQC
AOK,IIL
KGB,NXG
BKX,ASV
OIT,GBE
FSX,NRT
IUT,LWO
FTF,OLS
NEI,KJW
ACE,OGR
HLU,KNZ
GGI,KUP
DEQ,IOD
DQJ,GOC
EUF,IUW
BUL,FRJ
LJQ,BEU
HZP,KNC
JXE,BAA
IEO,BKR
NJW,KOW
FCT,EXA
FZD,MJT
MLC,EKS
FGJ,MOY
JMF,BEQ
LOA,LSU
MUB,KVC
ATS,AXH
GBU,BKZ
JCK,CHN
JEW,OCZ
JRT,LKO
LMT,AIH
BZS,CGJ
LQS,CNE
CDM,EAY
FSQ,IVS
MKN,JEN
HBB,MJB
ORG,HRS
DVI,DZA
DFE,GDE
CMV,DNR
EMI,LBJ
FFJ,KXT
BBE,LUC
MGG,HYI
DQA,LRR
OOJ,LGX
CDG,KTJ
IJX,LNR
DTS,OBG
EKV,NVM
KUA,JWP
CSE,GKQ
NFU,KSV
MDK,JUS
BNJ,JJJ
AGH,ELQ
FUU,HIS
LHT,ORD
NPU,INU
HDN,ICX
BCR,BRY
LWA,JZR
DCG,ETN
FPF,EHJ
HRW,LOX
CUT,OFT
HLE,IZF
JNN,EHN
JPU,KAE
FWT,BZZ
MZM,AWI
LNY,ABM
EMS,BJL
IXU,GUL
JCU,ITP
NDO,CYS
JWJ,CAK
IME,BCH
CRZ,OTX
IVY,GLN
DIH,HOA
FBK,CJG
FQM,KYX
JPK,CNF
JSB,LFR
GIH,HYK
DSF,DWW
KHO,ELV
MBY,AUQ
NRH,JPS
GES,CAG
DKC,EII
HRG,GCR
MTG,FQV
LYF,OCF
OEK,KZR
CKK,KVV
DHI,EGA
ECS,CCJ
FHA,GQX
HJY,JPZ
NXC,FTJ
BOI,GBN
DKS,AGZ
BMW,AGA
EHH,KZO
GLR,INQ
HQY,MIR
GUN,ABS
DWY,OMH
BGY,CUA
IFB,AYB
MZF,ALD
IHC,KSR
KCK,GOE
IFC,KQP
BXE,JGX
KCT,IKX
BRA,EEO
ENG,EMK
ETB,OFX
AZW,EIA
GPI,CJH
GUM,HGX
NME,GIZ
MLO,MPJ
FOC,FHX
LGT,CCG
DJU,FIQ
JPN,CHZ
KBX,HIY
EWD,AHM
NFF,HHL
JCB,AYR
FFP,HBW
GLS,LUP
GOI,MGB
BWT,KMQ
LZD,ANV
OSV,HDZ
KYK,KKI
NET,FDN
IAE,DLO
NXK,DCM
HGP,IQN
FDU,KXP
LKL,MSC
IBF,KEZ
FYJ,JMV
KKY,CXO
OPX,CRP
GHG,DDK
JAS,KUJ
ESW,GAO
FAO,JQE
LVV,IKP
MLX,JVQ
LII,ELA
LKA,KKJ
CJY,LUF
ADX,HCF
CYK,BTI
DUR,ARM
LND,FJY
JUK,CWM
NQN,CLQ
IBZ,JNC
LJL,NLY
LIO,GNV
GMC,GOL
ORN,CDF
HKN,KKH
OIO,IZH
LHP,LVU
JDX,KJC
LWF,CPK
NCK,BUH
JUO,KZU
EDA,GZE
FJC,GGL
MUE,KNM
HCT,ARQ
IIG,NGO
LXC,JLE
OLM,CYA
DYX,DVV
LFW,ECZ
MXL,IDR
CNV,HKE
GNC,OJO
FSH,BFJ
HPU,LYJ
HCQ,CDL
NSX,GFK
MYE,HJI
FVS,OGC
IDU,EBI
GPK,FBZ
IXT,GRV
EHP,JHU
FQQ,BFY
FMM,DSJ
KOE,HSR
AEU,GTA
ABQ,NMI
CRV,KAT
DYS,KOA
ILV,OSW
MJG,AHA
GXK,JSE
MCR,DXK
LAF,NEA
EKA,JBB
KDQ,HDP
LQR,HUX
AJX,HRL
MTC,HEL
NCY,EOO
BFU,ODJ
BTJ,BSD
IRW,ITL
NSB,DYW
DBF,DKH
FPK,OOS
GWW,EKC
FEG,GRR
OBD,NDY
GDG,GTE
HXV,MMS
CER,EOU
NCS,KGY
EMD,HJX
LKV,HAU
EQM,CRW
BKJ,JQQ
GOO,DSA
AYG,IUD
ILK,IEQ
NDH,MJN
AHX,AYT
ELH,ADT
LXQ,GIN
LNW,IIC
LHD,JQC
KNF,JMA
MBF,AWH
LSX,JRI
CJM,HJG
IFJ,DUE
ENZ,BGZ
BCT,LCF
ODA,GQY
HDG,ENC
JIH,CCW
EWU,HLY
EJB,BVR
GAU,JOF
IBQ,OQF
AIK,DZS
LDT,FKB
JZW,HMQ
EQX,HDE
KNK,NPR
JQL,CLY
GGY,GXP
MOG,DYL
BNW,ECM
CQH,MMR
LQT,JDJ
HQM,HNU
OBQ,EXF
GGX,AOU
EYC,IVZ
DDL,CVH
EGP,JWT
BOB,MCH
FJU,BWV
GYE,ISB
HXT,IZJ
NEW,LTL
MID,JGH
BMU,BQJ
CPI,NLV
FKG,EJC
MMW,OJU
OQS,IQM
FJA,NSU
KFS,IMA
FYE,CFQ
GRC,CDP
HOU,LVE
GVZ,LNF
CDR,LKH
LTN,KKM
EOZ,OAM
NMG,IKU
BKM,NIC
BUC,BEB
NWQ,LEO
JZH,MBV
HMD,FMI
KSK,JZA
BZY,LDI
CDX,HYN
DRR,DWE
FSL,COA
BFO,AXX
BUQ,EWS
DVB,CAY
BMD,HBA
ITZ,NJE
MPV,BTS
ITI,FCC
CYI,FQY
DOL,AOZ
HFX,GDV
KAX,KST
NND,BZQ
KFN,FDS
MQD,GSV
GHA,LIX
HWR,FSB
MCX,OON
JRL,ELD
ODI,JDV
FMA,JPY
HNG,ELU
OMF,DHB
JSM,CBM
JJE,MCU
NDA,JTI
GUO,GUC
MLM,HSI
MTH,ASN
NXO,AGB
IFV,NSH
LNQ,NIP
NYJ,LHI
CXW,MEO
NWM,NHL
MJX,ODK
KFM,HLK
JTC,MHW
NFO,HIP
ECP,CVE
LBI,NYK
LWU,CPX
CWS,AVG
DMX,IMQ
IPR,GHD
JUR,EVT
AEH,GWU
JSI,FMD
ONP,CXS
EQB,BVD
JXD,NTS
GSS,BDB
NDJ,LAW
OFZ,LKY
GZD,HVN
IJF,EOR
EXE,JYN
IGK,OCT
EAK,JCX
EPO,OAZ
KMU,HAP
GSR,JWW
BTB,IUR
KWW,EDT
BGM,AZM
CUV,AXJ
JER,BSZ
LMB,IWE
GQJ,JPF
HLO,KGU
DHR,ATA
IMH,ART
NGR,MSH
HCZ,KPI
OKF,DVN
AKA,EOI
AOH,EPL
AQO,GBI
KAU,LID
DNX,KVH
FYV,GXA
HBE,OQJ
AVZ,EOD
ONW,EKW
GNX,KKP
BMV,FHR
CTA,GVY
OBV,KAR
IEN,NIO
MSB,LQU
HIM,GQO
FDI,MRX
BXW,DJA
DRK,ILS
EDV,CGC
KXI,IJA
BRI,HCM
FDE,KHR
DZW,HTC
AXE,HWQ
COW,BQX
HRX,JTO
AOI,ARX
LYP,DPM
MUZ,IFY
KUE,CWK
GXJ,LML
HIO,NYQ
JOC,GHJ
GGM,DRG
NAC,NVG
ISW,LAG
LTX,OBP
NBZ,ISH
EGD,DPH
BET,GSF
IKB,NUP
NOO,IRV
MOO,OLC
MSJ,JSG
CZN,GMD
OJE,MLJ
GLP,IPA
EUR,NFS
HGC,MNY
DTA,FOK
KRW,LXF
JQO,LGE
ONC,OJG
CII,MWI
IOI,IXG
FMJ,DBX
LTE,MWY
OPQ,OCK
BQZ,FDC
FSM,FHV
HIC,AHV
MQC,OTJ
AIN,CMM
JOA,HBQ
HEF,EZN
EIV,AFY
OEC,BBS
AWT,KXY
FMR,AGS
FCL,DFG
IPL,EJI
GTV,OKY
EKH,ATB
JET,IYL
OOA,OLB
JMY,BNH
MXP,NDM
NQM,LKB
KVE,LSP
NLR,NEH
JRC,JTV
CVR,OUI
KRL,IJQ
CBG,KRV
EXB,EZU
OEQ,BFD
JAE,LOE
NEP,CIF
NIR,DIU
KQY,LZO
CJD,NPY
ICB,GIB
CWG,IYR
AJG,LVN
NWK,ORR
LHU,IGH
AUY,EFB
JWS,HHT
CLF,AQF
MFE,IEI
GSX,FLN
LBN,BNU
DNZ,AUE
FTY,ACY
GPA,IRB
MNR,MCJ
BCJ,HKW
JOQ,JRB
JLI,GHP
DOH,OCD
ICU,EST
DWG,NTT
CKV,HXU
MHL,MFY
HXB,DFN
IOU,BBK
FYH,GGR
MCM,AOJ
ELG,FMB
HZF,IIM
KKD,NBO
GCT,GFO
NHD,EZF
JJD,MVC
JGO,CNZ
CUU,LIT
HBC,EQV
MUY,KOX
NBL,GUU
EBK,AQD
NVZ,IYT
MTQ,ETZ
GEF,BVZ
BWS,LHK
BYA,FIR
APU,HAX
KYO,FHN
CTO,FXV
CKZ,KBW
MBZ,GHN
BWZ,MLG
DXO,ELL
AFH,EWE
IMD,CCD
JSZ,LKF
NNM,GNQ
FCN,JQN
FSA,DEV
FDZ,NTR
GFJ,MDJ
IDI,HEI
CEW,JGN
CVX,DNA
GBK,IHT
GYZ,CLP
MRO,LPB
KLV,EBF
ODB,HSD
MIY,GKC
GEE,CHU
HUW,AYY
FHT,GTC
BQP,KVT
HQC,FFK
NOY,NSI
EMH,CXG
NRN,LOG
GEN,DDY
LJO,COJ
DYT,NYV
MBU,HKY
AVF,MIQ
DMR,KCM
KXU,JTE
MBR,DAW
COB,OSC
MFG,LYU
CUN,GDM
CBF,MTL
KFF,EDC
IYU,CFA
AQN,EKD
EOG,CMZ
LSD,OJP
NPE,CYE
OTB,JBR
JKD,LOY
NDD,IAW
FPN,KAM
LLM,MBP
DBP,GBD
LNP,CPY
KPX,OBN
BLE,EYF
NUW,LRA
AEY,JKO
DCV,KGR
FEC,GWR
JHJ,BEJ
CBR,OOX
FSD,CJN
FUJ,KEO
BTA,NSQ
EWF,HMB
NZH,IHG
CSW,CRA
EWM,LFN
MUV,OOC
BKE,EDG
OCE,KSS
OJC,GEU
AXL,LDE
DWV,MNJ
ATK,JVM
CAN,NBD
DHE,FSU
HUI,IJJ
OBW,JQR
ORO,ACX
HVV,DSB
AVL,IJL
NGT,CWZ
BAW,INF
AKG,EZE
IUU,JZU
KZF,GQL
DDW,CDC
LWY,GCD
BBY,DID
DNJ,FSW
MLU,DUF
CGU,ISU
IDT,JIE
IDB,GQI
IAU,IMK
HEP,OIJ
EZP,BCX
BOQ,AWW
ISR,CGL
JRS,FNI
NKE,AHU
DSN,NBP
ECC,FPV
HPV,FET
GFH,KCD
GMP,HAZ
DLI,GFW
DEB,CIT
LUI,BXH
AAA,HZG
GMK,MME
HYE,MSA
BIZ,JYD
OUF,EZB
HJR,EQW
AAW,NXV
DTZ,KGQ
CXC,IJW
CGO,EEX
NOF,AWZ
AFB,CMW
MAB,DYN
GVJ,ANM
OFK,FGP
DBU,LDW
BOA,NXP
CTC,MAJ
NAQ,CJV
KJV,MOF
LLK,CPD
FAY,DDZ
IWT,CSJ
EUN,LQG
JJK,KOU
ADY,MYU
LFA,JON
CTS,GMF
BFQ,EQF
KUW,GLW
DGH,HQQ
BDD,BDM
KCC,HDS
EDM,NFP
GXX,KGV
LXA,BAQ
FTA,BBL
JHC,HNR
FPD,DWP
HGN,AJS
BPX,DDI
BPH,EAW
DZT,LKJ
EHV,CFT
MEW,EKZ
BEK,NIJ
EDL,AVT
HAG,AIO
LEL,GAE
DBD,ION
IBO,BBT
MDD,HBX
KFW,CBD
OLX,KMY
HHA,HZT
OLF,DYY
BAK,COU
ICS,NSO
MRD,KLK
CGK,DSZ
AVN,NGL
AKM,IQQ
ODL,OIG
CLZ,DYA
FFG,AWM
AEO,HIG
JID,IQZ
MRA,DNB
KDC,HKX
KQH,AJU
DFF,FXO
LRY,BHA
MEE,OOD
JKZ,IYK
KDK,MAV
ARF,LFO
IDH,CAM
MOX,HJP
NCQ,BUK
ATW,GTJ
LRE,ORX
ARY,DIX
GQK,NPD
IYV,GDJ
BHU,GFG
BLD,DDQ
ESV,HDR
HOX,OIN
ONR,DVE
KFZ,ANS
AVW,FPS
DAB,GJP
BIB,HDA
BKW,ALV
DTY,MHN
DLJ,OFG
JAQ,CHI
DNH,MHZ
GVX,KBZ
HFJ,OKN
HMV,BYB
BGR,CQS
ONF,FRE
CWA,HXQ
GAP,AAH
HEC,DTT
BNR,IXZ
COD,IMF
NOL,CDS
OKH,CVM
IBB,CJO
ISS,BWG
EJE,IQD
HGF,FUW
HYC,LBS
NNV,KFD
LBK,LXU
CYF,HTU
EQU,KXF
LOU,MDT
KYJ,GAJ
NNS,ASL
LQL,EXU
HCE,MXG
NQJ,FLJ
CCR,NCH
ICG,BXZ
CIU,OTV
BOC,BWQ
LHR,KYL
JWV,JOS
MQA,GFY
NHO,BEO
OGY,DJZ
NKP,AAO
LTB,HFT
NAF,NDQ
IAL,NYZ
NLB,NYB
MSG,NFI
INO,IIH
JSV,FUL
LSM,BHZ
CEL,AZE
HXW,AZT
AIT,MON
DEL,KSN
FMH,CRS
BFG,EGC
OFS,DWO
IPD,HAJ
JJY,JRJ
DHP,JVF
HWH,AKL
FGC,DNE
IBY,FQH
BEN,FKT
BYT,IWK
AGV,JWI
BJD,IBV
NZO,IZG
MMJ,LFU
DJP,IIA
HEY,GIJ
DJH,KUC
BZU,HPB
EAB,KQG
CFM,KFU
ACJ,OCC
AMP,DXD
NFN,EKX
OIR,MQP
BPW,JGA
ALE,MXU
CDE,FRT
KDM,DGG
CDO,LOC
AVY,HPX
BHK,FHO
ORF,BFW
DIN,MPI
GJJ,APK
HRO,MII
HWF,HUF
BIK,KHC
AQL,DWS
BUG,HSH
GAQ,CAQ
JLO,NUL
KWX,HHY
CSA,GCX
GOZ,MAA
KCX,MGM
ACL,HQF
JRU,DYE
BUM,GUT
MMH,OLW
CHY,NVY
FSI,OAI
FOV,JVZ
IKC,NTN
EVX,GKX
EYP,GVU
IWX,JGW
FDR,KYP
HZD,HVZ
JUM,JUF
LXL,DLN
IEG,LTI
IVE,OHV
MRS,JIC
FXW,ELO
JRQ,AMB
MJW,NBY
EGU,NAM
JKG,GYW
EBS,DAI
MGL,LVJ
MKM,IOG
AFF,MNV
JKI,NPZ
JOL,BFE
CXQ,OER
GIP,MXO
FNV,EQN
MVN,FMK
CWC,GIQ
BSN,CUX
OQG,OCP
LST,EWR
OPR,BQM
DCR,CWV
KUF,CMT
HGT,APG
CIG,KYT
EXJ,FSC
EFQ,MYX
OQD,IMW
FBU,NYW
HIA,LBV
AXR,FJG
LCL,NTY
ADM,MAQ
GAV,DCH
LME,CXX
CWD,ICH
IRM,OBC
LGH,DPR
HJS,IRS
CZL,IVX
CKX,OSK
JXT,NWY
MTO,BZF
IIE,JLD
OPN,HGS
AFW,DND
KSQ,IIY
IXX,CSG
KCY,BOX
GAM,MVY
EJP,FFM
MRJ,FVO
MSI,NFD
FEN,LXG
AUG,LKK
FVG,GNK
JOP,GFQ
ALL,OBU
KID,BRU
FRU,AIV
EEB,DUH
GNL,BDO
HMR,AUT
LUS,MDN
INT,BVJ
LTM,HHO
OAJ,LAR
DTX,EFU
JUP,JYZ
NIT,CXP
KVG,DZV
OBX,AJQ
LDX,LAD
ASC,BMC
FQS,KUH
NOC,NGK
FGQ,MBG
BFM,EVN
LRB,FCP
BSH,CWW
CUM,IWA
LMO,KHV
HKP,OIX
MDP,JTR
GSG,KYF
NTO,ASA
MZX,HXN
KEX,BXF
GZB,CYT
CUJ,NRO
MNS,NML
GRA,KYM
CTK,GCF
MPL,HNB
DHZ,JSO
IFH,BCI
GYI,JQS
MLK,IKT
LSR,NRW
AZP,ESI
AYC,IWQ
BZN,OMO
CKG,HLD
HRF,LYX
MQI,LVI
IHH,HFZ
IJN,DER
HMT,EYJ
KMH,GMO
CMA,HWZ
FNP,BCS
NDU,FOR
NHU,HGU
DVA,ORU
BLY,NOV
GDA,AAG
FBM,JZN
CSL,LUN
FFT,GIL
MOV,GOR
DSC,NUR
INA,LPZ
GCO,JTJ
ORM,LMN
GEJ,OLY
DCE,LZB
GPR,NRX
LSA,MQB
MNH,MOD
BNV,OHH
MCI,KZW
LFM,KBO
GRD,HWJ
CRK,GBF
CTM,ITU
JXS,AXB
MHO,IBR
FGZ,HHD
GIV,GQQ
ONS,DFP
EID,NBH
CVU,LHH
DPU,GPV
HRU,GKY
AOL,LGS
NBU,BOH
DTI,NDC
HNA,DOT
AQS,FYF
BCD,MIZ
BQS,AHN
EYD,NNT
FEP,CMK
KBF,ARG
LQC,OCQ
NJA,NUS
EJL,FTX
LNN,KIT
CPG,NNR
KJL,DIO
EEV,DNW
MVK,BEP
KVK,LEY
EEE,DFX
LQE,JSK
KVR,JSX
MJZ,GSB
CLH,AVS
IYX,BSK
DME,DKZ
GEV,IQK
ACG,NVD
DSS,KMF
DVK,APE
BGV,DIY
MNP,LBW
BPE,IPM
NWA,DCL
GCS,JFO
DXS,DCP
GGQ,HYU
OTI,NGN
JBM,AJH
HBH,HTQ
MWV,INY
BBR,ISM
NMH,BEW
DLP,HNC
KYW,GTK
JHK,GOF
OTO,FZC
DMZ,IQX
MAK,KWS
EJX,KPQ
CEX,FNM
NIF,BOG
BWW,ONZ
HQZ,AYL
JSW,LZQ
KWQ,BBH
ECY,NUU
OOU,MDH
CQM,IZC
IYF,MDX
MXF,KIY
DWM,NLO
LPL,MFX
OSS,DMG
OAO,OND
IEH,CPP
KDJ,KCB
KKQ,KOI
NHR,AEB
IKR,LJD
JHX,FHP
MNO,MGA
AEM,HYX
APB,JCY
EKP,LLO
GYX,CJE
FPE,HZE
NQH,DMI
OKD,FON
GUB,KVJ
CNL,MXR
BZL,MVM
DAZ,NGA
JLF,MVG
FEQ,IHZ
EOT,BJK
NPG,EPW
OMT,GPX
BRW,HTA
KEB,ILJ
DGU,INH
KGM,KYV
MCQ,CPT
OTW,CCX
MBW,CND
MYS,ELK
BIP,LAN
NVR,MEB
GCE,OET
OKE,CJK
KBB,CBZ
GED,NVW
JNW,HSA
NRM,FLX
OBJ,NQG
GPS,FLY
DDO,FRV
GXV,IRI
KGT,FZW
LBY,MEV
MLT,BST
MZI,ASF
BFT,FGS
HCV,IYQ
MGI,BJU
MGV,OLA
BSM,AIA
HOT,MWE
ERK,LQI
LBX,BHH
KPH,DKM
MUL,MBB
NEC,HND
LAU,HVR
MBQ,HJT
HTP,FPM
ICA,CVT
CZE,MOZ
HUD,KYQ
DHY,HSJ
DGP,CSO
HVG,HCA
MYL,KFT
CRD,ECF
FXP,LFX
NJD,FDP
AXW,CIA
DYJ,FVY
CTV,IOQ
NJZ,KPS
HBN,LFE
FKI,NXA
FPW,MMO
ADR,CZH
FWH,KQE
NMV,ANJ
ANC,BJG
BYH,MZR
DYD,KDR
AHH,HCU
CDW,LIK
FIH,GKE
NPB,HNJ
NZE,NPT
MCC,IXV
IZS,AOY
LIY,BRX
DUU,MAW
FNQ,GMV
DGZ,CKF
LPR,BLW
ORV,GXN
FVE,JHL
HBR,NJJ
LQK,EEJ
DRH,IPJ
BMX,MWZ
OOZ,IFX
FXJ,HSG
AGL,GOS
EEN,IXN
LZH,GZK
EUK,LLG
HSN,ORT
OMM,GUW
EIY,LCI
ERV,JHR
JDO,IUX
IIW,JZS
DAA,DHC
ELY,HZS
DDC,MMM
LYY,DSW
EMB,OJF
BMK,LAA
IGC,MRE
AJZ,ERJ
MHT,BQQ
ADO,ARP
NOH,MVP
BAH,ADA
CIO,KHA
NBA,HLT
LFD,NLX
MSD,JIO
MEL,ILN
BCK,NLS
EXI,NKN
GSN,MBK
JPL,HTE
KRK,AVE
IPO,LHE
HKQ,DGM
MQW,GKJ
LNH,DKL
ADC,EUD
MAS,JAT
NJF,BUP
OSI,EWT
NBR,CUW
DZY,GHV
FTW,OBT
AHR,BGN
FUO,GNE
MQQ,MBO
FRQ,OEU
ADL,EWV
ETE,HUZ
EUP,LAC
MJO,OKR
IRY,EBO
GCZ,AKC
KKF,IMP
JBA,OLE
CQD,OBE
JEQ,EWA
IKF,NCT
NJL,IZU
DDT,MKZ
JWM,JBW
BQN,MUN
LYK,BFS
HPS,KWO
AXO,EAT
KPU,HWN
EEW,GEC
NCE,GBC
NDR,EOF
IAM,HPM
GHR,DLS
EUH,KDS
ATT,BSE
AMW,FGG
FHE,MUJ
JPB,CBS
BMI,OPJ
EPZ,BPD
KDF,OQY
ACW,BCG
INS,MIU
JDN,NZN
IUQ,NKG
IKD,NYS
JXJ,KYE
ADV,HGE
ETQ,EKQ
MTD,KZQ
NPC,IVQ
GJZ,FDT
MFM,ARB
OJV,EXP
BEV,GIY
NWO,OFC
KRT,ASQ
IHP,EBT
NVC,GCN
LGC,CTI
NUO,LXT
NEN,LTV
NQW,CJS
JXV,ASD
HPE,BWP
HMM,KON
NZT,IHU
INK,COS
KOK,OAR
GZX,MJE
FBV,GIE
BKL,FKP
JLR,ANF
ERP,AXQ
AXP,BYS
COY,EAO
IZQ,LLR
JXI,NMA
EIX,KGF
BXC,DQW
LDO,GLV
BUI,KZJ
MHQ,JFK
FAR,FZO
NCP,IED
HCJ,BNL
MPZ,IBJ
MJR,KAN
EPN,NNP
AZA,LXV
GLO,HTM
KVF,GTX
BEF,AGQ
CAE,AJC
DIA,OEA
FZK,JYG
KNU,CRG
HLC,MZU
KNR,IXQ
HAF,DUQ
KTI,EGI
CQO,DGC
BXS,JTK
CKW,NYF
BYF,GNG
FNK,CDT
OLH,JVP
AKT,LPD
OTF,OTS
ERF,HGR
ETF,BXV
HOD,GZW
FLP,BPP
EVO,OIU
MCW,FPY
FMW,JYV
GAN,JNS
GJE,KMD
NTI,ERC
OBO,OMK
ASH,LBH
CUS,GSL
NPN,HUE
CEM,DAT
BPQ,FTV
EPH,IUM
IUY,IKJ
BPZ,DCS
NYX,DHU
MCV,DNQ
GWK,HWU
EOS,BJB
KRJ,HWV
NNK,MBI
GFL,KLM
MWR,LNT
MYI,NRI
BBF,NGG
AXI,HUJ
FBP,OGO
AUU,DVL
KXW,JWZ
OQC,FSP
NAY,NVO
BJS,IKG
MNB,BUF
ILI,GCJ
BOU,FRX
CAH,DCF
IOL,JLJ
HYF,ALQ
CQZ,GTW
AVK,JTA
JTD,FYA
MKY,HAT
MUD,DXY
AHS,LCQ
JCZ,OBB
FZJ,GPF
LBQ,AMO
KHU,CLN
BPR,DPC
GBV,MGN
LZM,MPD
BHG,OOR
OBK,HGG
EEP,AEJ
NJC,KLJ
GAB,IKH
DLU,JAY
HTY,DQQ
OLL,IWF
FID,KPK
DPT,FOA
GJT,IJE
MVJ,JNH
DWN,EGW
AUC,IJP
BCC,DLX
KTE,FRK
MRN,BCE
ODX,MHF
BQF,NVL
NZG,HXY
FZP,BMM
LPV,ADU
OKG,JWD
DJO,KKO
OGJ,NFM
CTD,FWS
JKT,MJV
OQI,GWV
EMA,DWF
MUP,CRC
LUD,GDI
AQK,GHK
DVR,AAV
ETY,ONN
FBD,EKF
IPN,HAH
GRK,JQW
MPN,MRH
AYQ,OQB
FWJ,NRZ
KWI,GEM
HAD,FPU
ISJ,DZH
JJR,DVT
CQP,NMO
LPQ,DQN
IER,MWM
GVT,DJI
OGS,CLD
NRL,FKW
ATG,CVQ
EWG,FAD
JDU,ORP
ASS,EFR
GYP,DQD
JAP,CJZ
GRB,KNX
CHS,HYS
MGD,MAG
AXC,NOS
EKM,FLQ
AST,ARK
ENV,KBL
CHO,MVI
OEJ,JMH
HGO,MYR
HOS,FND
DQR,ORW
KJK,FYC
FSO,GWT
AQR,KDV
JWU,GZG
DAU,FJE
FFA,KJD
EVA,BHQ
LNG,GYC
LPX,LRK
KWA,DHD
MIT,COM
GFT,KEL
ALJ,KLO
IPU,DGI
DFA,IGT
CZT,NYN
DVG,CVG
DRV,KGL
DMQ,EWX
HVE,IBN
JDS,IGP
KRP,BVQ
KIC,GJM
CVP,FDM
DJL,NPI
AKV,BRF
DQX,CIH
MHE,GXO
ILT,FAZ
MIB,JNU
AAU,GKI
JSD,DCQ
DMA,FKY
JFD,KRZ
AUH,JUN
FPP,NEG
GCQ,GQD
LMY,GBG
BFI,HTZ
HFR,ABZ
MUG,BYQ
HFS,MBM
BNF,NZS
NDZ,IZM
HHQ,MTF
DYO,MDF
GPN,HZI
DKP,JTL
LZK,LTH
FLT,GAY
IZE,EVI
DPO,JTH
HNV,HTO
LTF,CPV
FAI,DIC
ENY,CQA
MNK,DOM
FBW,IMO
CXK,FUG
KSA,HPY
KXX,JFF
MIV,LZU
EYH,JZF
EYU,GKV
FUT,FWO
FWU,OUL
LRI,JGB
HSM,MGU
OAD,IPZ
IGG,OCB
JGF,CLX
MQH,KHT
FBT,GVU
GRX,HTK
AHC,NSF
ENK,LFH
ETK,BZT
CXA,GRE
FKO,LMS
NSK,MBS
FRW,ATN
NAE,HNI
OIV,ENT
ANK,BWY
ENN,IAF
OLU,GUF
HIB,JMP
OEF,ODO
DXC,KEA
AIY,IQO
NHV,GAD
AGJ,AZQ
AHE,MDB
FWM,FTU
IZT,KTA
DFH,EQT
MFT,FMU
JQX,BUO
GFC,DTV
HEQ,DZP
ERT,ODW
HMW,KKG
NPX,MRI
KWZ,OKV
GVC,JNV
EKT,CCF
CET,GHM
JAR,HFO
JYQ,ODN
LBC,KUL
DYF,KZD
HFA,LZC
IMI,GRQ
JAU,ELF
AFI,MAN
AQM,KYZ
EHB,GLC
FOT,NFH
ASU,AKZ
DNO,CRL
NBQ,COZ
BZA,EHF
DEU,DRZ
HTT,FTE
KDH,ESE
KCW,JZG
ONM,OAU
MEQ,HBZ
EJG,JLB
FNA,EBJ
KKL,MVR
NGH,LRN
ISE,FFY
AUW,EZY
BQT,OLQ
NZB,IDS
OGZ,DFT
AUN,LZG
DKI,EDU
LSJ,LQJ
NPO,IBA
BCU,JYP
KWL,FNG
BTG,MJP
IDG,JPW
CDV,KKR
NQV,BML
JIT,BTY
OEG,CAZ
DPG,JWE
KHK,LSW
NGZ,ADS
MKK,KJZ
NQZ,KOV
OSD,ERE
ITD,DNY
NQI,CSX
MYN,EMU
LXY,JYW
NMK,FUN
GYS,DPD
IYD,LVL
FCW,LWL
DLE,KEF
CQW,EWY
CCE,GLH
DMJ,HDK
NSC,BZP
GNP,EYQ
CGR,FVK
GVV,ONA
HVW,DDB
EEF,NVE
JUJ,IUG
ESX,AIJ
ISX,CVB
IWZ,GKL
NMZ,CIC
IAT,JVJ
LSK,BOJ
LXP,FFE
DQF,DTR
OJZ,GGV
MEA,JEX
GAC,OTD
GRZ,BTM
KJX,NUF
NUE,MIJ
CAF,FHL
KTP,AKE
GTP,BJH
ANB,BKT
BLM,BWO
KHJ,NRB
MUS,ETV
GTS,ESC
OFP,JGV
JVH,KOB
FTT,FHH
OGN,NYA
BDP,AAR
GLY,BZE
GWZ,HPN
AQX,MMU
CSC,FVI
EXT,AID
EDJ,BPY
ERB,GZC
JHO,FHB
ATZ,HYZ
ADG,NKM
EJJ,MFS
BEX,ARZ
MGX,ARC
DVW,ABD
MWN,FGN
DGB,OLO
KWN,NBG
NST,INJ
NZA,IYH
FHK,FOQ
OQQ,IEX
CAJ,EBV
FZU,OTQ
KFQ,HQD
IAO,BXX
IRO,AHK
FZV,LYH
ORI,OAN
NXJ,FHW
JMJ,JUE
DED,BJW
AQI,ERL
HXF,DMV
MCY,BVU
FGX,KCL
IWC,LGY
NSG,APV
OFR,BGW
IVB,ODD
MUA,HFU
EHX,HWX
EXK,IYB
FIT,MNM
EXM,KPG
OIE,GXQ
FIN,AQU
IFF,AOM
ALH,GMR
LLI,ABP
NXQ,DFO
MKL,JXR
NJO,BGB
HKD,MHP
MIM,LKU
BGH,KCJ
EXD,AJL
FYQ,DLD
BHV,EWZ
JFU,BYK
OOQ,MMQ
IXI,ANP
HUN,NQS
GXT,DSG
ENR,KLL
CGG,JXB
HXS,NFJ
ERM,HDU
GME,BTO
NHE,JOK
CHT,IES
NII,NKA
KRC,GML
BQW,NKY
GZV,DRM
IBE,EAZ
EVL,LPS
EOL,ESA
KOS,ITF
DXJ,EPQ
FRL,IWO
HKR,IVR
KMP,ABF
IXM,DZN
IUC,NRQ
BDH,FWZ
HKV,CLG
MML,OMD
DSK,GVK
GXW,LDP
EUS,ODG
JTG,MOP
JVV,GVB
FFC,BQI
LYW,DHN
CNU,KOL
KGG,MQZ
FOW,EYV
DUS,LXO
MIA,ING
LHB,ETR
JVA,HNH
KZS,COR
LQX,GFN
DAL,FFS
OFV,LXM
FGT,AFO
ERN,EFG
ATU,GSJ
JGQ,LXX
MXE,MXH
OHD,DFI
CPA,LET
HFW,JCN
ELI,FLO
LTS,LQN
FIX,LNI
FJH,AZZ
MSK,CPQ
GYY,KRS
LZT,AVI
IIZ,KPD
LXZ,FTZ
DUW,AMN
ECK,DMU
KXB,MGZ
FAX,OKT
JBI,JPG
HAO,AXG
EJU,FDO
LBR,JUG
FGW,GNH
KTX,KQN
CTJ,HHU
AFD,IBP
AFD,JZJ
GLL,OQK
OBY,LJG
EVY,JPP
LGI,NSW
MTN,JIZ
AGM,MSY
EMT,HCL
OFQ,NHH
DWU,KBA
ETG,JHZ
FAG,NZI
JPM,APZ
MFR,FAW
NTC,IAZ
ACU,FXE
FAQ,KWB
FKV,NNN
AER,EPB
ILU,CIE
EFF,DTN
CVK,KZT
IQB,KEW
NEB,KAI
GKH,KWK
DPN,GIU
NWH,GDN
DTO,JXW
GZZ,GJK
GTN,IVU
DLG,BCZ
BBC,OLN
GEW,NNY
JQG,MAD
DAF,BXA
GHY,BTW
BDZ,BRD
FSE,BAO
DFM,AZO
EVH,GPL
KUY,OBA
APM,CBQ
DLW,BQU
BGI,GJB
EBP,LUV
ISF,COG
BAX,GAZ
HYB,LGW
BWU,OPV
KAQ,JIR
HWE,NGP
LDV,IHX
MRZ,FPB
CCK,OGF
DXM,NIK
AGI,ALP
DEG,DXP
NYH,FEY
OIC,FQF
NXM,HNQ
FCH,DWD
IST,MJK
CSP,MVO
DFW,HLZ
KXS,FIZ
ERW,DNG
KSW,MYO
GMZ,EZI
BEZ,GPY
DKB,KWT
NLZ,HCC
LOW,HTJ
CAU,IWI
JPA,NAS
JHN,JDC
DDY,MGR
HHN,IVM
FEE,LHX
EBG,OMP
NJY,GNS
GPT,FZS
JDH,DOF
CHL,DPF
AHL,ODZ
ALZ,AVM
LUQ,GYN
BJC,JKF
DXL,CZB
MFJ,ABO
JCE,EAQ
BFL,AYA
EJD,LKZ
GXY,LTQ
BFN,LEI
OTP,DJN
LLH,ALS
ICD,OPH
LCB,GXZ
HBK,MWK
EFD,IAK
DXA,OMU
MTT,KCV
NEK,KNG
LJC,NEU
CMP,HTN
EQJ,CFE
CWU,LZL
ESK,KEI
LPY,KMN
IHK,FWK
EJA,NTB
MDU,JKN
BPS,KSM
KME,IBD
NKH,NGQ
KEC,HJM
JVG,BRS
DJG,BUZ
DZB,JLY
KRE,FHZ
ERI,JEV
KCS,LAS
HAS,DEN
LCX,DYH
MOC,GXD
LJU,DWI
OCL,GYV
LKT,HBF
NES,OGK
IYS,CSH
JKS,OUD
GOJ,NQX
HXE,NXD
OEM,GKD
JHI,IQF
ABK,OGX
HYY,BLX
NAL,BYI
BQC,IWV
NSV,FOF
KOJ,MPY
HRK,JHG
NOA,MYK
CWB,CYJ
JLS,JZY
KQF,IIU
FHU,FVR
OQN,DGQ
JFC,HVT
LTC,DZZ
DDS,CIQ
FDD,CCH
KLB,MAF
NEQ,ABG
NQB,LJP
GSM,MDM
GEZ,NKT
FPO,IML
EAR,CIS
OAV,BRZ
MUF,KZL
HWM,CFD
MWL,JIU
JZT,DMS
KGK,DHK
FXK,NTK
MPM,FKL
NIA,FHJ
KZI,HLH
CPF,FJQ
AIX,MHC
EJZ,AFQ
LIM,DJX
FER,FCO
NOU,DEM
KZX,GKB
MQO,MKI
OSB,FSY
MZV,BWB
HHM,OUN
GPQ,OAE
HJZ,HHF
MSR,CZA
NBX,CKL
BKB,AHG
JFN,LVM
MFF,MPR
FVJ,CIM
HJE,AUJ
LFL,BME
IOS,FQJ
LGF,ERX
OHN,OIW
BZJ,AHQ
CAI,HAY
BGU,KMB
MDI,GOG
JSA,ODQ
HDJ,DUO
HUO,AUA
JJL,OOM
BNZ,IQE
MZP,OCJ
KTT,CYG
AEN,BOV
NLG,BRE
NKQ,KVZ
GAF,JOI
LJF,GTL
LMR,AXS
EQL,GNN
AWP,EUI
CQV,OTU
MFN,NLH
NEV,CFX
HAC,BGA
IUO,DXX
CEE,FPI
MOR,CGX
BVX,APX
ACR,EML
DGY,FTO
IXD,CLB
BVH,IYM
EFI,DKN
DHF,HGA
MAC,GZY
FUM,IXY
BMT,KCQ
FOD,DYC
EBH,BMY
FPC,LCO
MEN,EEK
DTG,NLN
GXG,FPH
AYW,BED
FQX,JPO
JBZ,NKU
OBL,NUJ
HMK,BZV
CNA,FUF
AYO,HAN
NKR,OFO
DEA,FNJ
ESH,DUY
JOG,LFP
CUC,KNP
NWX,NTH
EGS,MAX
IIJ,NRU
AOG,FIW
JIL,BBG
HMS,FEH
LKD,FVL
BBV,FPA
MYT,DRS
CBW,NFL
JJF,EJF
EBN,IMZ
BDG,FBL
LFG,ENX
HMU,OMG
CIK,ITQ
KWF,KUB
MKJ,IMR
EOW,NMP
CST,AGG
LCU,AQY
JEI,EPR
DZC,KFV
ANR,GMX
DYG,ADD
OTN,MVX
DRY,IQU
CMX,BKF
MRK,NKC
EBY,LBU
KIQ,JST
ACN,JAD
JFR,CNJ
FXN,HKC
HXX,JWL
MLS,CBV
DJJ,DQP
IGD,BVF
MZA,DVM
JIN,GQP
NXN,CXZ
BFR,FQI
MVT,KJG
ESR,JQH
EXO,BEM
BJE,NQU
ECH,BLN
HZN,KHS
BDU,OEP
CTB,GTR
DAH,DEE
CZU,BTV
DKR,LEQ
MCA,BXP
NBJ,BNI
CMS,CHH
EDR,BCF
MWO,JMQ
FRB,LNC
JSS,HKZ
DET,OII
BWE,LFK
AGX,NER
BLI,KYY
FGE,JUQ
GBY,GAH
OFY,DPE
IIX,KQJ
ERU,JVS
IRK,NLA
FRI,GMT
OEY,DJQ
HKS,GMU
NFZ,ITT
APH,DDD
HMN,OQM
HUA,DIQ
DOG,JBX
JDA,JYL
OCN,KER
BWR,LVF
CFG,ODR
JPJ,GWX
NKX,OQU
ECL,DXQ
FTD,IHY
MSU,JHS
BFB,GDR
HCK,FWR
GRG,OMA
HVF,JCT
EWP,LTD
OGW,FEO
IXC,GCH
GAA,OPI
EAM,LDY
EFJ,KIP
KWH,CXB
FUC,CGE
LYV,MVQ
IKL,HBJ
MDY,DEZ
FZT,LUO
DNL,KSZ
GFD,GHI
EDX,HUV
BOY,FGM
FKH,EEL
KUX,OHJ
NIG,FXA
HOG,LVX
EPD,BHC
MTU,IHF
ISA,GYA
GJA,HQX
DDM,IYJ
APA,CRI
EYZ,OMW
BTC,LEK
OPY,JEB
EFO,BOE
GGK,HLP
IDN,HDQ
EUT,NLT
JNK,FWC
KAB,LED
AJP,FDH
FXB,LMQ
BFX,AYP
JMC,NYO
IRG,DCX
AFK,KLG
BSJ,HXP
EKY,BWJ
ACB,BNY
EEC,JTM
DXF,OHW
GXS,LOO
IGZ,GJF
BIE,DGL
GDQ,NAJ
AEK,CMO
HRQ,JLP
FWE,HSL
BRM,IJH
LOR,ENA
LFT,GTT
JVI,JAN
JBH,DSE
NZC,NVB
OQA,IQH
HPW,AHT
OBM,AYZ
LQB,HLW
DYQ,CLJ
CQJ,LQP
LVC,ADK
ECX,CVV
JZI,MNX
JFV,IUB
MNL,KZC
NEM,CXH
GZJ,DEI
IXK,NTE
AEL,CRY
DCO,CGH
ORY,DPA
DAD,JBE
JCH,MJQ
AFL,MLQ
CGZ,ALT
NCM,LTO
OBZ,LGV
CAO,CRE
KRR,FTH
MWW,BFV
HDD,GTM
ADJ,FAT
EOB,HPZ
BYG,KHE
KIW,DXV
LXI,MNT
CDZ,HTF
DMY,ELM
CDK,FIL
MVS,CQC
FVN,LUH
LFJ,CNY
LTK,GMY
KLP,GST
OGB,NCB
KNL,MZW
MMV,DIM
MZY,HZR
BJQ,CUB
BCM,BYN
IUH,DVD
IDL,CWF
KQV,BVA
MXV,MHX
EDE,FRZ
CUL,LER
DSO,BKA
KOY,GHL
BTP,BUA
FRP,CYN
DVZ,EKK
ICQ,LOS
CSI,KXJ
NDE,BQO
ISZ,CWP
NOT,CQG
DIJ,HBI
IOZ,HJB
GNW,ILL
MJF,DGW
EHS,ICL
OOB,ELZ
DFC,AAZ
MCF,HJD
AIL,HXC
GRS,JIG
BSW,JWK
MMX,MEG
DYR,MWS
FOS,ILY
ASI,KEQ
IJI,CRH
BHB,OMZ
KTN,CFR
CDU,GVR
NKL,JDK
INV,KVB
JNJ,NJQ
CVS,BQY
OCX,GOK
GUI,JNL
IUK,BMZ
CMN,NAK
DBK,CYH
LQD,KHY
FKK,KMS
LJT,NPS
CCA,EIW
CWO,AAL
JGZ,GSE
AIS,OGA
GGW,LUE
KBR,EJW
BYY,ELJ
BXI,LXH
JCS,DDV
IQL,MBX
CTY,MUQ
OSM,AAD
HAM,FOM
LHW,HUS
LQY,NCC
EJQ,DRU
CDI,BHL
BZB,NTL
GGO,BAR
NGM,JLT
HHS,GCW
JSP,HNO
MBD,AKJ
LWJ,AET
HNL,IGB
BBI,BAU
LCR,IRE
NCL,NUQ
LVP,AKN
GZN,MEP
KYG,KFB
EJS,MRW
FTK,EJN
IIR,CVD
BUS,FOL
CBJ,AKI
HEZ,NSY
OPC,JDE
JNQ,KFG
GVW,JDF
IFW,GXI
JRR,CEH
KDX,CYB
CZI,MJA
FMG,NSA
NPL,HBO
HGW,JCG
HHG,CNS
NHC,DNV
OOH,NWG
EPF,CDN
DAX,BKY
MUO,IOF
IGV,DSL
FGI,CNM
BXK,NFQ
LPA,IGY
JVL,FMX
JQK,IEA
KEM,FLL
LLB,IUV
MFB,LEC
HIF,LRP
ACD,LIV
DCZ,DBG
EBZ,EZR
GGD,BBQ
NMY,KEU
MKO,LWI
JGT,NZQ
HSX,NIB
OTR,NIL
BNG,MIC
IAH,GQZ
HES,BPG
FGY,AIQ
GZR,HZA
FXC,MWH
NSN,MKE
IEC,DSX
OPW,MEC
NUH,JFA
AFJ,HIL
DFK,AMH
OLG,JHB
LYC,CJF
NXE,HSU
KGJ,BDN
GNZ,CZR
HOQ,BHY
NZF,HSF
GPG,KDZ
GVP,GZM
JQM,ILG
OEX,OHX
EZZ,CEK
JHW,NBI
MQF,DQK
LRM,MLA
MUC,JTU
EOE,EHO
FKC,BMR
LIR,EMP
IYP,IUE
CHK,EEU
HHR,FKU
HFK,EUZ
HFB,GKN
DXT,JKA
EXW,DBB
DHL,GMI
NGI,HUC
GUA,HQS
IPY,MYP
JNX,DTE
KRB,MNQ
EIO,EBB
LPH,HLS
KIU,BJI
MMC,NDK
EGF,FDQ
OMS,FKX
KSH,BOT
FTB,BRH
HRD,LVK
EEI,NWZ
EPC,HYT
LGJ,BPV
GBJ,MCL
AOO,DZX
CNN,ALO
KPL,NQQ
JPR,HOP
NXF,DSI
GLF,KUK
DVX,NQA
FEX,ICF
BLH,LTY
DPL,BNP
FIS,JEA
API,AJW
CLK,COO
JIV,GPC
DFU,DYP
DDR,KIS
GNA,EJR
HTX,DLM
NNZ,KCU
FBX,HYG
ONQ,GBO
EIL,NHA
DKU,MKF
CEJ,HRM
DOD,MJH
ICI,MPK
ISD,APQ
ATY,LXW
GXR,NJX
ITH,DKQ
EWL,IQY
EWH,FNS
KBK,BMS
CVO,JKB
BFC,DII
JNG,IJG
EZH,GDF
FRM,HXG
NVX,MKU
DPY,IEM
FUB,KLH
BHR,MYQ
HSE,OMJ
HHV,IZW
BHS,EEZ
GPP,JVT
BQB,LFZ
FRN,AKO
CSB,DQG
FBN,NLE
ITX,GIW
HRE,HKM
IXP,CNK
HDB,KRG
HCX,GVI
HGB,CON
IDV,IQT
AZV,NDS
FHF,ARH
NBE,AKW
BUT,EZX
GKW,ERH
GQH,OSJ
KLW,JKE
CBA,NUX
BLF,GLU
CHP,AZU
IZR,ELB
FKS,KET
NLI,GBQ
LVY,EGL
ISI,DWT
DOS,AMC
IVP,MGH
CYL,FCU
MGY,EYT
GQV,BLK
LQM,DUD
LZN,EEY
BJO,BOF
BIQ,CCV
FCM,LJK
HHX,OMV
NZU,COQ
JBS,GEL
MXW,DTW
OOO,LJE
DBQ,KOD
DRI,NJG
JUL,FNU
GJH,BUN
KYH,HKG
FBA,ANX
CPO,GXU
ALW,FTN
CZX,HOL
ARE,DMK
AYH,DPQ
CSK,JYB
DXE,KAP
CFY,LLD
AYN,FHM
DJM,JWN
CJA,EMV
IJB,MRV
JMM,MHS
BXU,NYY
BJM,IEY
LDF,OJR
GUX,JSR
EQC,NIY
GZQ,FZH
OUE,CFK
CEZ,NJM
MUW,ONT
BSX,JFM
GDS,IYZ
LAL,EHZ
EVD,IWR
MET,JSU
BIH,BJT
KMI,NAZ
AVR,MVW
CFN,MIO
NMQ,IRR
KVP,GFA
KXR,LDH
GNO,IXW
CAC,GIG
JWQ,FMY
NKO,KOR
EVZ,JFG
JZD,IZV
NFC,FFI
BDA,ACQ
AWK,DQT
DHQ,KHM
FUP,ABJ
JBP,AGR
JKP,FNN
JLH,OSX
OJS,FKF
IDF,JXA
LUA,KYC
JLK,HQN
NYI,GLT
MFD,HUQ
BJJ,GUK
HZO,AHO
CXD,HKL
MTY,CTR
EVQ,AVC
JOU,HQB
OTM,KEH
HEW,NTW
HWT,MGS
CFB,HFL
IOY,NLQ
CWN,LKI
LPO,JDY
GLQ,KGP
KFL,ATI
JFY,JFX
GGG,IRD
NUN,FDL
ENI,LJS
AHY,KYA
AQW,EES
AMZ,MJD
KFE,EDB
JJU,CZK
FAJ,EDD
LLX,MMB
IKK,KDA
JSL,JLC
BJA,EWK
OHC,MAT
NRA,JTY
BYM,AKQ
NUZ,MLD
CWI,NVN
FMP,BQG
LYE,FCG
BYD,NTQ
HQL,NDT
JNT,IIQ
KSX,BDC
CMU,OKL
FDF,LFI
DNC,ALC
KVN,OJY
GDH,DMP
NKV,NAB
JJM,FXZ
DYK,LGO
JMO,HRT
CHR,NMW
EJM,NUY
KES,FIY
KNT,BZK
IDK,DMH
MQG,DHT
BXY,HUH
IXO,HDF
FJJ,GDP
HEV,DUI
GDT,DKE
IZB,NJU
KXN,MAL
LUY,KYS
LLA,MXJ
GHT,ICC
FCR,NNQ
AYF,DJF
DZG,CGB
DXZ,NWF
CAP,LCS
HOF,IND
NSE,AIC
BSB,NPW
CSZ,NHN
NIM,JIP
GNU,EUL
ECN,AFS
IIS,CUZ
ABL,EHW
FSN,IBU
BHO,LBL
FTM,DCI
LWD,AIW
EME,KJE
HKI,GHE
CEI,BPF
CXE,BZG
BIN,DSR
OQW,KWV
BCL,IPV
ITS,HDL
MYM,CMJ
KFA,JJW
GOW,EVU
IFN,MYJ
LVB,BES
LGG,OQP
MJL,JKJ
KKE,JTQ
ONI,JFT
MPO,HHE
LES,GEO
JVB,IGU
KBH,EDK
KHL,EFE
EGT,BIV
GNF,LLU
MIX,LLZ
EUO,GLB
EKR,JYU
ABX,LUK
IJC,HWI
DBR,DMB
FWW,KZG
HQK,BTT
IVH,LOV
FFX,HZU
MXT,GSD
GIF,CIP
ATP,EWN
JRW,KLF
JTZ,ETH
AJJ,CUO
HAA,BJR
DYI,NUB
EWQ,JGJ
LRG,OIQ
KRQ,CWE
HER,EDH
GRN,CBT
AMD,EJY
AJA,FGB
MOU,IXB
OIF,AXZ
FLU,FQL
DIL,AGY
FML,LNM
KSJ,DZF
JKW,HOO
JXG,IPC
MZE,KJJ
MXX,NPF
AEQ,BLJ
CYV,EPI
JNF,NTZ
FIF,BPC
NGD,IOP
KYR,MQU
MWJ,EIT
JZE,ABA
DUP,AYJ
FUH,FQW
AAJ,EDQ
NDN,BSS
DCU,AMF
EIU,EQQ
IAY,HUP
CLW,NOD
KEJ,MCG
LHY,IEB
DGO,HJF
JGY,JMT
LQO,LHQ
KTC,JUY
JAB,GHB
GKG,LPP
HXD,KQK
IBT,NAT
DFR,IPE
NWL,CKD
GON,HYJ
BNN,NLL
AJV,AUK
ECI,CRN
BJX,MEF
CRJ,KVS
KJI,ENH
LWB,JKR
EER,HST
AMS,MZQ
HXZ,FJS
EQE,IOA
EFY,BDV
BDW,CQN
LJN,FAF
EHR,BTK
JKL,LIJ
KEN,NKS
HGQ,MIL
HLQ,ISK
CMC,MOI
NBF,AUS
AIF,OSL
GLM,BSC
BBO,GSO
JZC,CWQ
INM,ECV
COL,GFZ
GIK,FGD
FAM,IAC
JCV,CLR
CZG,CEG
EUB,KSF
FWB,GPM
JDW,AME
FXT,EQH
HBG,AMY
AEG,HXI
HJA,CGD
IXA,KGI
MZZ,MXC
MNU,OFL
MFO,HPA
MIW,ENJ
GCU,CYU
MLV,LSS
LGZ,AMI
NKD,IPX
LSQ,LSG
EOJ,NDV
ETD,MIE
NCF,BIU
HOH,LVA
ACA,LZJ
MSS,CZF
FUX,EIG
NTJ,NNB
NVI,CHC
CQX,OHT
HEG,EUC
KNA,GDU
EFH,LDJ
NXS,KUR
KOO,LXE
KGX,DLH
BUR,DWJ
JIA,OOG
JAX,IJO
BDK,CKB
CLI,GMW
MHK,DFY
HCR,ENS
DUX,LUT
FMS,DLQ
DVF,JVY
JFI,LKN
MLN,IGJ
IMN,BKS
NQL,BAV
AZJ,GHZ
NMS,EGJ
FWG,HVM
FSJ,IWU
AKD,EYR
KQW,JBV
KIB,DAQ
KTG,IBH
LZA,OFU
BSY,FNT
DEH,IZI
MCT,MKG
MDE,MNC
APL,JJV
NRR,CXN
DKO,KUT
NQR,FQB
ETT,BTQ
EWB,EPX
DKD,OQV
FXL,IBS
BYX,MSF
ODS,EPT
FIV,BWI
NHI,LFQ
IBX,MES
HRZ,FZE
FFN,FSK
AOQ,KPW
HFF,NMJ
LRX,ENE
BHW,AXU
KJS,LMD
ATQ,JYA
KRY,MQS
EMC,HZJ
AMV,HGV
GMQ,IZK
LMF,AYS
FWP,ESJ
EEM,GEH
KBY,NEY
AXK,IGE
FQC,LTJ
GLI,KJR
EHI,HYH
JHA,MRY
DMO,BSL
FGH,FXY
ICE,DZO
BEH,JQP
FCZ,ATH
FEL,HWL
JBJ,OTL
LRJ,KYI
BQR,FJV
IXF,ATV
KAD,LPM
KTU,ABB
LMV,DLY
BVC,EPS
HMC,JUC
HMP,MPC
CCZ,NRS
BCP,BFK
IDD,BOD
LEM,AIE
JAM,FNW
OAX,HZW
BWC,FGO
DXN,JKC
IZO,JUT
AEC,LNE
ANT,BAF
LYB,JCJ
FGA,JNE
BVN,DDF
DIG,ARA
FQG,MWD
EAS,JUU
KAG,ITB
NAW,DRW
JSQ,NHB
FQA,IWN
LRC,KBP
AHZ,IEF
CTP,HOZ
DBE,HYW
EUW,DYM
CLT,IUF
MQY,JYT
BLO,EAG
AAY,DDN
AJI,MXN
KXG,DCD
AZS,IPK
IFL,LMP
CYM,EXG
MJY,LFF
NXB,FLI
LKU,CFW
CPZ,CSV
JWX,EZA
NCJ,ECT
MXD,EIC
KVO,BVG
KMR,BPO
LNU,FLH
EVB,KED
EXZ,IVF
LWM,LAX
JJG,CIY
MIH,JTS
BKK,NPK
MAP,IFU
DSD,KBN
BMG,JME
FWX,AFM
HVJ,JHQ
ADW,HWB
INP,FRG
BVV,KVY
DBM,OFN
EAE,NEL
ANE,EXR
DKJ,AEV
HWW,NHZ
KLC,IFZ
CNH,IGM
BNO,DOK
HVX,EMF
OQR,IPT
MMK,LRS
GEX,KFY
NGY,LOH
HMF,BBN
CYD,OMX
GIT,KBC
LGL,KVQ
MVU,DAC
AEE,EDN
LAQ,DGT
JZM,JFS
OIP,FMF
APW,DZL
CLM,GQS
MTV,DSH
MKS,FDK
JPT,GRJ
CSQ,LUR
AHJ,HDV
GFP,HXA
ETA,OPE
ODT,NIS
GPO,LRV
HIR,GMA
MJI,BDI
MGO,OKU
GTH,ICZ
HBU,LFS
AIZ,HPH
NLK,KNQ
GPB,KNB
HPK,JQB
AWG,HPD
EFZ,KLT
NVK,HSC
LNA,JIJ
CYQ,FIC
JLA,OPD
GJW,IZN
NIZ,BNA
ONV,KTQ
ONX,MFH
KCG,FAE
ALR,GMN
EZT,KSG
AQH,FXI
FHY,EGM
CRO,DBS
AGU,COT
MFV,EFM
BWD,EQG
LOQ,HGM
JQU,NID
DNU,ESB
EOA,CZV
FJD,NUG
JCI,JJS
BAS,IMC
NAN,FAN
OQT,KIO
JCR,GWE
AXT,MQV
AQB,FQN
ALG,CGM
LSO,BMH
LOZ,HXL
OOP,GCP
KXD,ECW
JAZ,NQE
NDI,NPP
EYE,IFT
FLD,LAB
LWC,DHA
KSI,CNQ
ALK,AMG
JDZ,OOI
NXR,FGR
JEY,FPR
LHN,MKC
EIJ,CFE
OBR,AZH
CKJ,MPU
BPJ,GBW
ABV,HUG
CGS,HCD
IFA,MAM
BJZ,GRI
IDZ,LJZ
EFS,MMF
BRN,ERG
HRV,IJY
MLF,GAW
BRC,LPF
AKP,AKS
AIR,AHB
EYW,DCY
FES,EVC
MHR,HMZ
LIB,KWJ
JOM,CVZ
ABT,KSU
KCA,LCP
ARN,IOC
MWG,IDE
BXG,FDW
DVP,CMQ
KYU,ORJ
BJN,KCE
CCO,LUU
LFV,OGM
HRI,KHX
KWC,ELP
CAT,BYC
MXY,HIE
IQA,AVP
NNO,GOY
CRU,NQT
APR,JUH
DUB,ETP
ANG,DNF
GCA,NOJ
IMB,KJP
ORH,CAD
IHR,LEZ
HVH,NTD
AJE,FBO
MDL,ICP
GMH,ESP
ILO,CRR
ANH,BUV
LEH,GGC
EBL,KDG
KHW,NJI
DXB,IMS
OBI,BGS
ADN,HVK
HRC,HIU
GQB,CFV
EKE,BLG
KUU,FWV
EHM,OLK
EYB,DMD
JSF,BTH
AZD,BLC
BIR,FZQ
HNS,CPW
LIG,CBC
KKK,GYG
HRA,JJA
LKG,NHS
NHQ,MKA
CZY,ILR
GZA,IVW
DOO,OME
MCB,HEH
BMN,HAB
HQP,MHG
MXA,NMB
ENO,AUO
MZS,KAZ
FJW,LIP
JOJ,ASW
KPY,JQJ
JMS,EUG
MUI,FNF
AEX,AYU
DVH,BGO
IEJ,KEV
MSP,GLE
JEC,DJW
DXG,FNZ
DTD,ILH
EZL,CGQ
LDS,BKP
BHF,GLD
CTF,IRF
KQO,DTF
GSK,IRH
EVK,KSO
EGN,AQP
FNY,CKO
FYP,IGA
ICY,AHD
NTA,HPF
FCD,CPB
BJY,GUD
MHB,CCI
NNA,AFV
BLA,NZR
GXE,DLZ
BXO,FLZ
GJD,MPG
CLL,MZO
GYH,BFF
DAV,KLZ
JRY,FBE
JSN,GPD
FSG,OJT
MEI,BZD
